{"cameraMode":{"drawMode":0,"name":"Shaded","section":"Shading Mode"},"sceneLighting":true,"audioPlay":false,"sceneViewState":{"showFog":true,"showMaterialUpdate":true,"showSkybox":true,"showFlares":true,"showImageEffects":true,"showParticleSystems":true},"in2DMode":false,"pivot":{"x":-3.5671136379241945,"y":7.306343078613281,"z":-19.870792388916017},"rotation":{"x":0.04764026775956154,"y":0.03654759004712105,"z":0.001744174980558455,"w":-0.9981951117515564},"size":10.768377304077149,"orthographic":false}