{"cameraMode":{"drawMode":0,"name":"Shaded","section":"Shading Mode"},"sceneLighting":true,"audioPlay":false,"sceneViewState":{"showFog":true,"showMaterialUpdate":false,"showSkybox":true,"showFlares":true,"showImageEffects":true,"showParticleSystems":true},"in2DMode":false,"pivot":{"x":20.504413604736329,"y":-6.022197246551514,"z":1.2198781967163087},"rotation":{"x":-0.15258631110191346,"y":-0.6381439566612244,"z":-0.13102002441883088,"w":0.7431856989860535},"size":0.8660253882408142,"orthographic":false}