{"cameraMode":{"drawMode":0,"name":"Shaded","section":"Shading Mode"},"sceneLighting":true,"audioPlay":false,"sceneViewState":{"showFog":true,"showMaterialUpdate":true,"showSkybox":true,"showFlares":true,"showImageEffects":true,"showParticleSystems":true},"in2DMode":false,"pivot":{"x":12.39358139038086,"y":7.247415065765381,"z":8.413529396057129},"rotation":{"x":-0.10458919405937195,"y":0.8613133430480957,"z":-0.19741417467594148,"w":-0.4563201665878296},"size":0.8660253882408142,"orthographic":false}